country,iso3c,2010,2011,2012,2013,2014,2015,2016,2017,2018,2019,2020,2021,2022,2023
Afghanistan,AFG,7.8684,11.5231,9.8844,8.4287,7.9588,8.4272,7.6117,10.3972,11.8099,12.1046,12.1436,12.4864,11.298,11.6486
Albania,ALB,4.567,5.0007,4.5385,4.7703,5.1022,4.8756,4.5382,5.3613,5.3341,4.984,4.5676,5.1122,4.5239,4.2226
Algeria,DZA,118.6168,124.8035,140.2699,145.7286,155.033,164.5785,160.7458,166.3203,174.8053,181.6864,171.9505,181.3215,189.1886,190.5786
American Samoa,ASM,1e-4,1e-4,1e-4,1e-4,1e-4,1e-4,1e-4,1e-4,1e-4,1e-4,1e-4,1e-4,1e-4,1e-4
Andorra,AND,,,,,,,,,,,,,,
Angola,AGO,22.7399,23.6501,24.7162,28.534300000000002,30.8873,33.0865,31.2748,27.9951,25.8142,26.9963,20.538,25.5641,26.6839,27.336
Antigua and Barbuda,ATG,0.2789,0.2128,0.2268,0.2598,0.2797,0.291,0.3149,0.2772,0.2872,0.3426,0.326,0.3315,0.343,0.3441
Argentina,ARG,177.3162,184.8342,188.8365,193.179,190.0264,196.1938,194.1404,191.3736,189.8171,183.2687,168.1154,185.676,195.0411,189.8908
Armenia,ARM,4.2991,4.9041,5.6696,5.4929,5.7607,5.6172,5.3749,5.6892,5.9516,6.4247,6.9145,7.4634,7.7742000000000004,7.4987
Aruba,ABW,0.4828,0.2907,0.3754,0.4128,0.4411,0.4625,0.4854,0.4671,0.4653,0.5095,0.4887,0.5074,0.5355,0.5371
Australia,AUS,415.3195,412.862,413.3728,405.7424,396.4423,400.6316,408.6132,411.2113,409.2476,407.9086,392.5458,384.7347,378.0651,377.4957
Austria,AUT,73.7998,72.1872,69.0207,69.6088,65.9262,67.3632,67.7745,70.0851,67.2508,68.7767,62.9162,66.2034,62.6472,58.4761
Azerbaijan,AZE,26.6362,29.4692,32.2811,33.2118,34.7247,34.5229,34.4155,34.226,34.7625,36.9819,35.4067,37.4242,39.6836,41.7458
"Bahamas, The",BHS,1.283,0.8542,1.0171,1.0911,1.1363,1.1204,1.2455,1.3738,1.2106,1.4505,1.1733,1.4488,1.4055,1.4098
Bahrain,BHR,28.8353,29.0035,30.2164,32.1308,33.2899,33.4691,33.4571,33.7521,33.822,36.8474,36.8402,37.3578,38.8307,38.689
Bangladesh,BGD,60.7693,65.3074,69.872,72.0796,76.6542,85.4452,93.9921,101.0415,105.1823,109.3222,104.1229,117.7683,120.8657,118.9891
Barbados,BRB,0.8204,0.6789,0.6436,0.7307,0.667,0.7195,0.7728,0.6819,0.7782,0.8686,0.6726,0.6515,0.6889,0.6906
Belarus,BLR,66.1204,62.961,64.269,64.4295,63.9709,59.1683,59.0629,60.2218,63.4486,61.2475,58.1601,58.6423,55.8945,53.8204
Belgium,BEL,114.9031,104.4948,103.0142,104.3595,97.7801,102.4165,101.3516,99.7694,100.4585,100.3135,91.9274,96.0214,89.6767,85.7301
Belize,BLZ,0.2333,0.15,0.1629,0.2057,0.2045,0.2472,0.2608,0.2847,0.2846,0.3982,0.3186,0.3361,0.3545,0.3756
Benin,BEN,5.0815,4.9611,4.7249,4.9707,5.4598,5.8104,7.1473,7.2445,8.251,8.1435,8.7059,6.7467,7.0594,6.8922
Bermuda,BMU,0.309,0.1534,0.1777,0.198,0.272,0.2307,0.3117,0.2853,0.3009,0.3025,0.2142,0.2447,0.2575,0.2583
Bhutan,BTN,0.905,1.1062,1.0551,1.1068,1.1293,1.3096,1.4244,1.4736,1.7505,1.8063,1.4131,1.5445,1.5172,1.5607
Bolivia,BOL,14.7927,16.0948,17.0414,18.1017,19.463,19.9523,21.3607,21.7833,21.9655,21.9997,18.5659,21.8696,23.3823,24.4241
Bosnia and Herzegovina,BIH,22.2176,25.2681,23.3108,23.2132,20.7957,20.8309,23.5062,23.9898,24.0642,22.5975,22.5364,23.0097,22.3986,20.8288
Botswana,BWA,3.3822,4.0133,3.5247,5.5218,7.1481,7.091,6.7524,7.4408,8.2088,7.342,6.0919,6.5464,6.8377,6.7207
Brazil,BRA,439.9219,463.643,497.9036,523.4755,546.4394,517.9408,482.7112,494.7579,471.0836,468.5794,447.921,506.2334,479.2664,480.235
British Virgin Islands,VGB,0.0705,0.0552,0.0571,0.0654,0.07,0.0717,0.0772,0.0671,0.0665,0.0874,0.0846,0.0845,0.0884,0.0887
Brunei Darussalam,BRN,7.3795,7.8612,7.6224,7.7892,8.1068,7.3653,7.8994,7.8716,8.0303,7.6035,10.1279,9.9862,9.5371,9.7036
Bulgaria,BGR,49.5094,54.7842,49.9165,44.452,47.315,49.8572,47.1301,49.2832,46.3135,44.6358,39.4151,45.8711,49.4431,36.9706
Burkina Faso,BFA,1.9623,2.2171,2.5815,3.0405,2.7537,3.9361,3.9314,4.5408,5.412,5.6993,5.7011,6.4371,6.4885,6.2637
Burundi,BDI,0.3199,0.4154,0.3993,0.4522,0.4055,0.435,0.4859,0.5463,0.7765,0.7652,0.9258,0.8974,0.9301,0.9495
Cabo Verde,CPV,0.7498,0.8717,0.748,0.7315,0.7741,0.7908,0.8304,0.8881,0.7961,0.8379,0.6283,0.6479,0.6801,0.6508
Cambodia,KHM,5.1593,5.3651,5.6329,5.6951,7.0334,8.5196,10.5961,11.828,12.3125,15.7108,18.6332,18.4826,18.3849,18.9162
Cameroon,CMR,7.828,7.4295,7.5111,8.1791,8.8705,9.1854,9.7014,9.8633,10.548400000000001,10.2711,10.388,10.3491,10.4339,10.3329
Canada,CAN,562.1099,575.7827,567.184,575.2149,580.3198,574.3793,574.0983,591.893,612.5836,609.0758,548.4454,561.7344,575.8352,567.0969
Cayman Islands,CYM,0.2472,0.1996,0.191,0.2167,0.2321,0.2509,0.2632,0.281,0.3092,0.3935,0.3319,0.3141,0.3582,0.3594
Central African Republic,CAF,0.1999,0.2175,0.2211,0.1488,0.1617,0.2334,0.2515,0.2647,0.2935,0.3024,0.3184,0.3227,0.3225,0.3325
Chad,TCD,0.5246,0.6836,1.2091,1.3153,1.4041,1.6134,1.6907,2.2104,2.4139,2.3645,2.4133,2.7311,2.865,2.9088
Channel Islands,CHI,,,,,,,,,,,,,,
Chile,CHL,72.323,79.0753,81.3485,85.4109,78.7046,84.3798,88.8653,89.7525,89.8194,95.2476,87.5108,89.1084,90.4279,77.0074
China,CHN,9106.0051,9955.7482,10270.741,10760.43,10881.1042,10749.8966,10773.7258,10999.4188,11527.5117,11813.0582,11964.1285,12551.8645,12518.6844,13021.242
Colombia,COL,68.1511,73.1683,73.6027,83.6349,84.9188,86.2165,88.4935,80.9994,85.3965,86.0607,84.3026,92.1683,88.3446,92.7973
Comoros,COM,0.1559,0.1408,0.1454,0.1746,0.1545,0.1712,0.2004,0.2607,0.2073,0.226,0.2687,0.3972,0.4298,0.4383
"Congo, Dem. Rep.",COD,2.9456,3.369,3.0164,3.3303,3.7162,3.5927,2.9906,3.2547,4.1619,4.4459,4.6314,4.6277,6.2475,6.1404
"Congo, Rep.",COG,5.2916,4.8514,4.4794,5.4392,5.2771,5.7506,5.5904,5.5312,6.422,7.2394,7.403,7.108,8.3582,7.8674
Costa Rica,CRI,7.2362,7.6984,7.6394,7.9353,8.0462,7.7578,8.2325,8.396,8.4405,8.193,7.1754,8.0531,8.1977,8.0978
Cote d'Ivoire,CIV,7.3149,7.0784,9.0202,9.801,10.4591,11.265,11.4035,12.33,12.3432,13.1832,13.2881,17.2006,18.4103,17.925
Croatia,HRV,20.9405,20.4541,18.7872,18.3813,17.6771,18.0245,18.2746,18.7971,17.7661,17.9722,17.1915,17.5067,17.6346,18.6644
Cuba,CUB,28.1815,27.7479,28.8886,29.0223,26.9056,29.4411,27.3043,26.5091,26.7819,22.292,18.4817,21.7552,19.7637,20.0277
Curacao,CUW,,,,,,,,,,,,,,
Cyprus,CYP,7.9141,7.6571,7.1222,6.4407,6.8173,6.8562,7.2219,7.3632,7.214,7.2168,6.8024,6.9192,7.2231,7.2032
Denmark,DNK,48.56,43.4849,38.5966,40.3352,36.1972,34.0712,35.6784,33.5457,33.5379,30.0794,27.7879,29.5641,28.4942,26.2104
Djibouti,DJI,0.8116,0.6271,0.796,0.8754,0.8835,0.8163,0.7455,0.6766,0.7356,0.8336,0.7459,0.8197,0.8668,0.88
Dominica,DMA,0.0773,0.0595,0.0543,0.0599,0.0669,0.0724,0.0777,0.0692,0.0715,0.0862,0.0771,0.0764,0.0812,0.0814
Dominican Republic,DOM,20.9277,21.1274,21.8849,21.4839,21.701,23.8738,24.8714,23.7887,25.6286,28.4615,26.926,29.6681,32.1128,32.7889
Ecuador,ECU,38.2529,38.3188,38.661,41.1583,43.4594,43.2759,42.0681,41.0581,42.2145,41.9254,36.5986,41.1607,44.1693,46.7901
"Egypt, Arab Rep.",EGY,211.7586,219.3403,232.9567,228.7539,233.1055,239.4139,250.123,261.7067,256.219,237.0298,246.184,261.6313,258.9936,275.8365
El Salvador,SLV,6.7247,7.0233,6.9977,6.635,6.8145,7.2649,7.3283,6.6321,7.1022,8.1068,6.6535,7.532,8.4658,9.2365
Equatorial Guinea,GNQ,5.7159,5.9609,5.61,5.7233,5.7179,5.4069,5.3893,4.887,5.3152,5.1224,4.9101,5.0308,5.0888,4.7651
Eritrea,ERI,0.5168,0.6166,0.6343,0.5936,0.5956,0.5776,0.5972,0.5861,0.6551,0.6736,0.6715,0.7119,0.7499,0.7642
Estonia,EST,22.2156,22.3356,21.2301,23.6366,22.7514,21.0222,20.5878,21.9647,23.6488,15.4629,12.1329,12.9256,15.0182,11.4741
Eswatini,SWZ,0.8556,0.8194,0.811,0.9627,0.9829,0.9809,1.0469,1.0618,1.0621,1.1361,0.9606,0.9892,1.0765,1.0784
Ethiopia,ETH,6.8811,7.9585,8.9861,10.4416,12.4047,13.5098,16.0312,15.8736,17.4696,18.4825,18.0158,19.0941,18.3349,19.0165
Faroe Islands,FRO,0.002,0.002,0.002,0.002,0.002,0.002,0.002,0.002,0.0021,0.0021,0.0021,0.0021,0.0021,0.0021
Fiji,FJI,1.6965,1.2454,1.2052,1.3731,1.5599,1.6172,1.5925,1.5406,1.6549,1.619,1.0743,1.3427,1.4343,1.4378
Finland,FIN,65.8469,58.2223,52.3267,53.3313,49.4416,45.9758,48.8071,46.0759,47.4392,44.1412,39.474,39.3124,37.1238,32.8867
France,FRA,377.2787,363.6897,365.0236,360.1587,326.9509,332.1533,334.7732,338.709,328.5501,322.9043,287.0868,316.7044,307.6802,284.1541
French Polynesia,PYF,0.9897,0.9571,0.9246,0.9938,0.9835,1.0058,1.0079,0.8808,0.7829,0.785,0.715,0.64,0.9258,0.9282
Gabon,GAB,5.9582,5.82,5.89,6.0777,6.2671,6.4413,6.559,5.7489,5.4109,5.6528,5.5287,5.3647,5.5833,5.1205
"Gambia, The",GMB,0.4408,0.4636,0.4444,0.4463,0.4838,0.509,0.5138,0.5236,0.4603,0.465,0.422,0.4776,0.4949,0.4738
Georgia,GEO,6.3124,7.5848,8.2738,9.1493,9.8404,10.647,11.0252,11.1709,11.137,11.9227,11.5406,12.3432,13.463,13.5563
Germany,DEU,814.962,788.1211,800.0321,817.8158,778.7527,784.9143,789.2489,774.4767,746.6974,696.5002,642.0878,670.667,658.0886,589.6596
Ghana,GHA,11.128,11.9922,14.4756,15.3977,14.8352,15.6106,16.04,17.3725,19.0565,20.2766,22.9458,24.4916,23.7878,23.2246
Gibraltar,GIB,0.4748,0.4592,0.4686,0.4998,0.5373,0.5872,0.6123,0.6498,0.6897,0.7174,0.6394,0.6416,0.6357,0.6292
Greece,GRC,89.0981,86.1447,81.555,73.8775,71.0085,69.4522,68.1612,68.3839,66.5357,61.4927,52.3606,53.7151,55.1164,51.2379
Greenland,GRL,0.6428,0.6829,0.5389,0.5374,0.4808,0.5188,0.5159,0.5031,0.5083,0.5239,0.5275,0.5484,0.5904,0.5849
Grenada,GRD,0.1188,0.0919,0.0951,0.1226,0.11,0.1171,0.1276,0.128,0.1435,0.1804,0.1536,0.1608,0.1694,0.1699
Guam,GUM,3e-4,3e-4,3e-4,3e-4,2e-4,2e-4,3e-4,3e-4,3e-4,4e-4,4e-4,3e-4,3e-4,3e-4
Guatemala,GTM,11.7791,12.1427,12.5792,13.5353,14.5357,16.9576,18.0238,17.0573,18.7397,19.663,17.6187,20.2047,18.9518,20.1279
Guinea,GIN,2.5103,2.6535,2.5111,2.2699,2.3734,2.8673,3.2295,3.2701,3.7415,4.814,5.3934,5.0777,5.2208,5.0264
Guinea-Bissau,GNB,0.3138,0.3184,0.3202,0.3295,0.3412,0.3625,0.3788,0.3066,0.3526,0.3566,0.3363,0.336,0.3439,0.3293
Guyana,GUY,1.7612,1.8334,2.0026,1.9774,2.0651,2.0746000000000002,2.4564,2.4688,2.5808,2.7934,3.3298,3.3211,3.684,3.7405
Haiti,HTI,2.5989,2.9444,2.7586,2.9774,3.2283,3.494,3.578,3.5867,3.5577,3.5949,3.4445,3.4083,3.3893,3.3805
Honduras,HND,7.9832,9.491,9.9296,10.1202,9.9347,10.8188,9.7321,9.3472,9.0061,10.1525,9.222,10.3706,10.5707,11.8491
"Hong Kong SAR, China",HKG,42.2277,45.1822,44.647,46.1858,47.5543,44.2455,45.0794,44.1348,44.0591,43.5082,34.0619,34.5373,32.1322,34.1194
Hungary,HUN,52.3463,51.4367,47.6527,44.7966,44.8322,47.541,48.2651,51.1346,51.2595,51.5028,49.6521,50.986,47.5733,42.9776
Iceland,ISL,3.7364,3.6038,3.6451,3.7106,3.4639,3.6292,3.1789,3.3299,3.2946,3.1768,3.0717,3.1637,3.2394,3.22
India,IND,1730.0542,1845.6437,2015.2876,2072.6256,2237.6647,2278.2296,2311.9771,2441.2015,2556.7189,2551.4851,2356.959,2597.9343,2807.0805,3014.5226
Indonesia,IDN,443.682,499.9362,504.2572,474.9651,505.0762,512.3973,507.0965,535.7474,596.4692,637.5692,596.2839,622.6868,722.6996,772.5618
"Iran, Islamic Rep.",IRN,576.7498,585.9198,592.4779,612.6315,636.5399,629.4902,642.3063,666.3808,661.4499,712.5804,735.8709,784.2646,792.0589,816.133
Iraq,IRQ,111.4935,115.9065,133.0448,144.4102,138.288,137.9041,155.0442,167.3453,180.9429,193.6481,183.8743,199.7098,222.2784,232.976
Ireland,IRL,40.9249,37.144,37.6022,36.3338,36.1391,37.648,39.5133,38.2632,38.0252,36.369,34.2933,36.3826,35.6861,32.8629
Isle of Man,IMN,,,,,,,,,,,,,,
Israel,ISR,71.9452,71.1392,77.5898,68.288,65.9245,67.9917,67.5521,67.8229,63.4982,65.3145,61.3925,60.972,63.6364,60.4805
Italy,ITA,423.6329,414.5041,394.4537,361.7143,342.9756,353.7401,349.1697,345.6817,340.3734,332.562,295.2134,330.3484,331.006,304.3081
Jamaica,JAM,7.6922,7.6033,7.014,7.4837,7.2146,7.1067,7.6254,7.3076,8.6911,8.4395,5.9229,6.4724,7.5151,7.7039
Japan,JPN,1217.0641,1269.8897,1308.4016,1323.4899,1273.5698,1232.5762,1228.6537,1212.9423,1163.1278,1123.813,1060.2269,1080.206,1050.5032,1002.4382
Jordan,JOR,20.5883,21.0139,24.5322,24.0985,25.8395,25.6334,25.2353,26.5502,25.2117,23.2902,20.948,21.7432,23.338,24.0408
Kazakhstan,KAZ,242.1984,262.6296,258.8083,276.1147,233.0134,202.7539,216.1249,226.4516,229.3799,218.8149,225.4957,241.9078,246.5276,255.4342
Kenya,KEN,13.4828,13.8759,12.8926,13.8937,15.7052,17.0005,18.5033,19.2464,19.1369,19.4769,19.1646,21.5155,21.9726,21.2679
Kiribati,KIR,0.0611,0.057,0.0558,0.0601,0.0607,0.0623,0.0678,0.0691,0.0759,0.0761,0.0737,0.0805,0.0758,0.076
"Korea, Dem. People's Rep.",PRK,69.0426,50.8115,49.0217,37.9084,41.6105,32.6541,36.0271,73.5427,66.3965,73.4111,69.045,57.2906,59.8036,65.6588
"Korea, Rep.",KOR,612.9372,647.6916,645.2115,642.0472,630.5865,643.7994,648.8158,665.288,680.496,654.9901,617.3408,638.7702,613.5467,590.365
Kosovo,XKX,,,,,,,,,,,,,,
Kuwait,KWT,86.8196,91.8746,91.9634,93.8744,92.3325,95.5891,98.4,97.4646,99.0797,96.8283,92.9479,99.8995,102.6178,110.1591
Kyrgyz Republic,KGZ,6.6057,7.9039,10.4411,9.6866,9.9416,10.3162,9.7414,9.6372,11.4718,10.2267,9.3085,10.515,10.5011,10.2304
Lao PDR,LAO,2.9614,3.1262,3.3357,3.9444,4.3873,8.9275,15.871,19.2442,19.8623,19.3701,19.4378,23.8166,24.0315,25.7437
Latvia,LVA,8.8799,8.2334,8.0274,7.7794,7.5739,7.648,7.4806,7.4321,8.1079,7.9078,7.2771,7.5304,6.9268,6.9004
Lebanon,LBN,20.6592,20.9822,23.4369,23.1046,24.9694,26.9054,27.8657,29.2967,27.4937,27.0043,21.8207,16.715,10.435,10.8188
Lesotho,LSO,0.5223,0.5442,0.5764,0.5811,0.5991,0.5966,0.6575,0.7193,0.7577,0.7834,0.7032,0.7644,0.9811,0.9915
Liberia,LBR,0.7943,0.8855,0.9771,0.9074,1.1822,1.233,1.3852,1.2306,0.6419,1.0095,0.8348,0.8408,0.8686,0.8395
Libya,LBY,63.6702,44.2373,62.8561,62.6092,61.8002,54.4819,51.1525,55.3948,57.2685,57.4746,45.7025,58.3609,58.1734,63.2042
Liechtenstein,LIE,,,,,,,,,,,,,,
Lithuania,LTU,14.041,14.3203,14.4911,13.3644,13.2117,13.6606,13.5202,13.9642,14.0184,14.2965,14.2541,14.3318,13.1703,12.9794
Luxembourg,LUX,11.2134,11.0901,10.8679,10.3236,9.8199,9.3094,9.0415,9.1884,9.5448,9.6917,7.9929,8.3806,7.2657,6.9416
"Macao SAR, China",MAC,1.7202,1.6889,1.743,1.8152,2.0891,2.759,2.6259,2.8865,2.1256,2.2473,2.2329,2.0473,1.6785,1.6805
Madagascar,MDG,1.9684,2.2944,2.8507,3.0496,3.1337,3.4183,3.2513,3.5528,3.2753,4.0111,3.1281,4.103,4.384,4.5942
Malawi,MWI,4.4851,5.7394,5.683,5.0231,4.9718,4.909,4.9059,5.408,5.4582,5.6074,5.2063,6.1189,5.6023,4.7047
Malaysia,MYS,215.5014,218.2727,219.7969,237.1554,251.3897,252.8595,247.4841,237.8324,254.2848,255.1651,253.08,257.9155,276.9845,282.3786
Maldives,MDV,1.0537,1.1443,1.4422,1.6213,2.1931,1.5884,1.7341,1.6081,1.3863,1.5153,1.208,1.6808,1.7895,1.7942
Mali,MLI,1.9869,2.1656,2.2712,2.7412,2.9109,3.5312,4.5795,5.1611,5.782,6.1138,6.8432,7.3008,7.4928,7.177
Malta,MLT,2.5947,2.5818,2.7244,2.3827,2.3694,1.6722,1.3655,1.5582,1.5674,1.673,1.6204,1.6274,1.7963,1.7877
Marshall Islands,MHL,1e-4,1e-4,1e-4,1e-4,1e-4,1e-4,1e-4,1e-4,1e-4,1e-4,1e-4,1e-4,1e-4,1e-4
Mauritania,MRT,2.1069,2.265,2.5265,2.3153,2.6827,2.757,2.6247,3.809,4.4355,4.4862,4.6354,4.4111,5.0263,4.8274
Mauritius,MUS,3.6757,3.6565,3.7437,3.8572,3.9905,3.9907,4.0649,4.2071,4.1718,4.2052,3.745,3.9879,4.0499,4.3225
Mexico,MEX,476.9429,486.535,506.2322,494.0171,480.9122,490.4272,496.4682,500.6875,478.1534,493.673,439.0381,452.7201,452.9546,475.5955
"Micronesia, Fed. Sts.",FSM,2e-4,2e-4,2e-4,2e-4,2e-4,2e-4,2e-4,2e-4,2e-4,2e-4,2e-4,2e-4,2e-4,2e-4
Moldova,MDA,8.5049,8.5348,8.3528,7.4941,8.0409,8.2992,8.4234000000000009,8.3058,8.8624,9.1101,8.8484,9.6527,8.2882,8.2074
Monaco,MCO,,,,,,,,,,,,,,
Mongolia,MNG,14.9057,16.236,17.6595,19.1791,19.5303,18.0259,19.1168,21.0753,22.9567,25.3355,22.5155,24.8887,24.9553,27.1526
Montenegro,MNE,,,,,,,,,,,,,,
Morocco,MAR,52.0418,56.2785,58.5497,58.4924,59.4626,61.1459,61.011,63.8616,65.197,71.8694,67.5867,73.1296,72.3256,70.0459
Mozambique,MOZ,3.6056,4.2489,4.7019,5.1174,5.7908,6.4582,8.3319,8.3122,8.0554,8.6293,7.9534,9.1439,10.8972,10.719
Myanmar,MMR,8.6324,9.1725,12.5577,14.2206,17.7423,19.7406,22.9806,33.7539,33.5187,34.3911,34.7186,31.8377,31.031,31.241
Namibia,NAM,2.6845,2.8464,2.9916,3.1042,3.206,3.5661,3.8987,3.7537,3.8098,3.8576,3.5444,3.7053,3.5799,3.6138
Nauru,NRU,0,0,0,0,0,0,0,0,0,0,0,0,0,0
Nepal,NPL,4.785,5.3607,6.2251,6.2963,7.3524,7.3221,10.764,13.1998,14.9259,13.4612,16.4562,17.383,15.0454,15.432
Netherlands,NLD,186.1211,174.0725,171.6019,169.3558,161.7631,169.3542,170.7937,168.176,163.095,157.9744,142.1604,145.8948,133.114,122.9178
New Caledonia,NCL,3.5178,3.545,3.5674,3.9255,4.7896,4.5637,4.8748,4.3928,6.0252,5.7837,5.6478,4.6621,4.6157,4.8646
New Zealand,NZL,33.4445,32.7107,34.7866,34.5807,35.2908,35.3887,34.7426,36.2664,35.6335,37.2453,34.6699,34.7093,32.1246,31.776
Nicaragua,NIC,4.6711,4.8816,4.8471,4.6389,4.9091,5.4971,5.7223,5.6825,5.1803,5.3239,4.7462,5.1925,5.2612,5.5369
Niger,NER,1.4418,1.4738,2.0551,2.0371,2.202,2.1698,2.1674,1.9739,2.0278,2.3731,2.4096,2.8588,3.2178,3.1629
Nigeria,NGA,94.4036,104.0217,102.2558,114.6095,122.7261,118.4539,123.4796,116.0398,121.4082,126.1061,118.9178,130.9005,129.0417,125.8687
North Macedonia,MKD,9.1751,10.2439,9.6203,8.7967,8.3515,7.9328,7.6209,7.9803,7.5427,8.6778,7.5804,7.634,8.2042,8.0203
Northern Mariana Islands,MNP,1e-4,1e-4,1e-4,1e-4,1e-4,1e-4,1e-4,1e-4,1e-4,1e-4,1e-4,1e-4,1e-4,1e-4
Norway,NOR,47.9849,46.9389,46.3897,46.8777,46.9905,47.9542,47.3711,47.4084,46.6404,45.3466,43.7079,44.4278,43.5471,41.6042
Oman,OMN,51.4932,59.7411,67.4368,70.6326,75.0283,79.3244,80.628,81.3599,84.3771,85.4259,82.166,87.7273,93.1054,95.7346
Pakistan,PAK,155.6566,155.2393,157.11,160.7989,169.2027,178.2841,196.7976,213.2958,202.3124,198.8407,222.5997,229.1366,235.3725,208.8895
Palau,PLW,2.1107,2.3697,3.6039,1.8243,1.2677,1.1954,1.1444,1.1964,1.2305,1.2683,1.2764,1.329,1.3981,1.3979
Panama,PAN,9.1798,9.9976,10.4475,10.2623,10.7719,10.6313,10.6644,10.1483,9.9261,13.1641,9.7127,10.7711,11.4431,12.7389
Papua New Guinea,PNG,4.2314,4.4692,4.2609,4.5767,5.5379,5.9739,6.621,5.7792,4.904,5.0364,5.4744,5.3867,5.5295,5.498
Paraguay,PRY,5.2439,5.451,5.4123,5.641,5.9499,6.661,7.5122,8.4688,8.7429,8.5218,7.8549,7.9771,8.0051,7.7424
Peru,PER,45.8483,49.1793,49.1215,50.3235,53.2525,54.9014,57.5009,55.2172,55.3468,58.1719,47.5328,59.6288,63.74,65.0789
Philippines,PHL,84.9688,84.5875,89.5021,97.4869,104.0134,113.1874,121.2972,135.646,141.3358,147.9244,136.3845,145.6114,151.7004,162.4527
Poland,POL,329.3834,326.9383,319.7269,315.0899,302.5703,305.7942,316.728,330.2221,329.6329,312.0707,296.8799,324.0123,307.9616,280.6501
Portugal,PRT,53.2485,51.3977,49.7787,48.1388,47.6708,51.7215,50.523,55.1436,51.1078,46.4279,40.6444,38.962,39.6684,37.4114
Qatar,QAT,72.2126,83.1847,92.3214,102.1334,110.7647,114.0841,114.0546,114.1057,114.8966,117.6635,115.3371,118.4421,120.1007,129.1964
Romania,ROU,83.3446,89.8189,87.6338,79.5312,78.9902,80.304,78.7065,81.7983,83.0019,81.1522,75.7011,80.7465,75.6755,70.2532
Russian Federation,RUS,1746.8968,1832.6123,1819.802,1764.2472,1750.1989,1757.1139,1734.6382,1763.2401,1831.1328,1858.002,1784.1991,1938.4596,1895.4729,1948.3024
Rwanda,RWA,0.7312,0.7618,0.8472,0.9431,0.9592,1.1072,1.2106,1.3115,1.4591,1.5151,1.4554,1.7066,2.2012,2.2883
Samoa,WSM,0.2631,0.2677,0.2681,0.2788,0.2865,0.3288,0.3542,0.3165,0.3447,0.3735,0.3132,0.3435,0.3324,0.3333
San Marino,SMR,,,,,,,,,,,,,,
Sao Tome and Principe,STP,0.1236,0.1273,0.1328,0.1334,0.1316,0.1407,0.1464,0.1491,0.1525,0.1591,0.1541,0.1583,0.1412,0.1456
Saudi Arabia,SAU,486.877,509.215,539.3427,547.1964,585.9278,611.4483,609.5099,603.3295,580.0429,579.8088,577.1045,590.321,620.4308,635.4338
Senegal,SEN,6.9781,7.479,7.3641,7.8409,8.3827,9.2184,10.2971,10.2029,10.7355,11.0288,10.8149,13.1241,14.5438,13.717
Serbia,SRB,,,,,,,,,,,,,,
Seychelles,SYC,0.917,0.7817,0.8866,0.8023,0.9261,0.9868,1.1003,1.1528,1.0053,0.8948,0.8388,0.7882,0.8424,0.8395
Sierra Leone,SLE,0.7103,0.8684,0.9744,1.1227,1.207,1.0224,1.0587,1.0446,1.2108,1.2073,1.2307,1.4724,1.4668,1.4104
Singapore,SGP,48.8859,51.3367,50.1515,52.6259,53.8631,55.1746,52.9724,56.8881,54.2117,55.8876,53.8768,55.7179,56.3467,56.1013
Sint Maarten (Dutch part),SXM,,,,,,,,,,,,,,
Slovak Republic,SVK,39.9112,37.8943,36.1064,36.3803,33.9902,34.526,35.4446,37.7288,37.2427,34.8074,32.6439,36.6483,33.1887,31.1483
Slovenia,SVN,17.1608,16.0793,15.517,15.511,14.126,14.2949,15.0187,15.3443,15.45,14.8261,13.5406,13.8601,13.3893,12.6186
Solomon Islands,SLB,0.3585,0.3728,0.3719,0.3931,0.3745,0.3336,0.3236,0.2919,0.3252,0.3193,0.3077,0.3326,0.299,0.2998
South Africa,ZAF,464.3532,443.9719,461.2756,475.0891,486.6007,462.2677,460.1959,469.5833,473.4182,477.5446,450.8617,448.5635,429.3281,427.2669
South Sudan,SSD,,,,,,,,,,,,,,
Spain,ESP,287.7519,289.521,284.9722,256.3568,255.241,271.5397,263.0479,278.3849,271.7891,254.3514,214.4546,233.1927,238.6544,220.9934
Sri Lanka,LKA,13.5184,15.908,17.8941,14.837,17.8805,19.7111,23.486,23.4107,21.9829,23.973,22.6144,22.8196,20.7971,21.5803
St. Kitts and Nevis,KNA,0.0987,0.0778,0.0798,0.091,0.0973,0.1019,0.1115,0.104,0.1111,0.1302,0.1196,0.1162,0.1301,0.1305
St. Lucia,LCA,0.1823,0.1412,0.1459,0.1667,0.1778,0.1824,0.1964,0.1963,0.2592,0.2947,0.2776,0.2822,0.2961,0.297
St. Martin (French part),MAF,,,,,,,,,,,,,,
St. Vincent and the Grenadines,VCT,0.097,0.069,0.0876,0.0825,0.0922,0.0951,0.1012,0.1091,0.1102,0.1165,0.1238,0.1174,0.1271,0.1275
Sudan,SDN,16.9129,16.2393,17.5247,17.6235,18.516,21.5583,23.9363,23.6627,23.6471,23.4708,21.6685,23.6032,21.4434,21.7036
Suriname,SUR,1.7497,1.9566,2.4449,2.2883,2.6212,2.7261,2.9607,2.4504,2.1512,2.6613,2.6044,2.7191,2.8628,2.496
Sweden,SWE,52.8835,48.4621,45.7287,43.9685,42.7792,42.9009,42.49,41.8362,39.6483,39.4951,38.0388,40.4785,37.7526,36.6683
Switzerland,CHE,46.3246,42.2875,43.6002,44.6067,40.8955,40.2217,40.7885,39.8183,38.5179,38.3954,35.9401,37.6301,34.4805,33.6661
Syrian Arab Republic,SYR,62.6918,58.6181,46.2477,31.195,30.9873,28.1357,25.8772,31.0807,34.0047,33.3171,31.7492,32.0363,31.1656,31.3571
Tajikistan,TJK,3.071,3.0824,3.5021,3.5939,4.7682,5.0917,5.7155,6.934,8.2044,9.0405,9.3881,9.4268,9.5606,9.3204
Tanzania,TZA,7.3333,8.8864,10.6021,11.5936,11.257,13.2034,14.1367,14.1975,14.9211,17.0037,16.677,18.9418,20.9124,21.5734
Thailand,THA,246.3596,246.7462,264.8041,275.9576,272.5228,281.4677,277.7638,281.081,276.6537,286.4704,275.6334,268.5767,284.314,275.0344
Timor-Leste,TLS,0.3344,0.3708,0.6288,0.7585,0.7441,0.6952,0.6609,0.6218,0.6666,0.7283,0.6794,0.7107,0.6946,0.6644
Togo,TGO,2.525,2.3171,2.2462,1.9314,1.7347,1.546,2.1279,1.6554,1.9363,2.1053,2.4218,2.534,2.6044,2.5313
Tonga,TON,0.1262,0.12,0.1182,0.1194,0.1318,0.1347,0.1432,0.1549,0.1474,0.1655,0.1865,0.2065,0.1614,0.1618
Trinidad and Tobago,TTO,41.0228,41.2563,38.0759,37.331,37.2008,36.7586,33.7186,32.5451,32.6228,33.2231,29.8017,28.6842,28.4989,26.9495
Tunisia,TUN,27.731,26.2639,28.2414,28.219,30.2046,30.7211,29.8618,30.2963,30.1881,30.2451,28.7185,31.0178,30.3588,31.2092
Turkiye,TUR,312.1721,332.7685,344.1578,333.874,355.3809,367.843,391.2631,433.2199,429.3432,414.4775,423.0905,460.7071,444.4077,446.4386
Turkmenistan,TKM,61.6532,66.14,68.2977,65.2746,63.2168,67.9108,67.2897,72.1708,74.2318,73.2506,76.8253,95.4323,101.2613,94.7287
Turks and Caicos Islands,TCA,0.0733,0.0559,0.058,0.0671,0.076,0.08,0.0881,0.0883,0.1897,0.2211,0.2149,0.215,0.2205,0.2212
Tuvalu,TUV,0,0,0,0,0,0,0,0,0,0,0,0,0,0
Uganda,UGA,3.7998,4.2628,4.329,4.4114,4.8524,5.5954,6.0018,6.2539,6.8571,7.0646,7.1198,8.1105,7.9541,8.1166
Ukraine,UKR,315.9087,333.3052,324.9176,315.2748,269.3299,226.107,227.2461,205.5813,218.3029,207.9097,198.8972,194.1363,119.345,121.6952
United Arab Emirates,ARE,171.9529,177.2572,185.0103,195.0534,198.1138,206.8519,212.4305,204.4227,187.2853,197.8494,195.6742,199.421,195.184,192.6964
United Kingdom,GBR,500.7484,459.2066,481.3898,470.2197,430.6573,415.8847,391.8614,380.7118,373.8821,359.0131,319.6964,337.9148,324.9949,304.7866
United States,USA,5521.4993,5307.6289,5087.711,5224.7089,5243.772,5132.9841,5028.952,4959.4579,5118.3744,4967.9122,4466.8765,4754.3785,4815.7665,4618.2675
Uruguay,URY,6.4579,7.7873,8.8815,7.6589,6.7334,6.8951,6.8292,6.4073,6.871,7.1561,6.9135,8.5518,8.093,8.1908
Uzbekistan,UZB,135.8014,138.6782,123.1859,121.417,113.1595,107.5503,114.0078,118.2658,112.7949,115.1171,123.9451,134.3607,128.9082,132.6306
Vanuatu,VUT,0.1549,0.1797,0.1477,0.151,0.1753,0.1592,0.1659,0.1664,0.2288,0.219,0.2515,0.2909,0.2709,0.2717
"Venezuela, RB",VEN,176.795,172.9615,193.7941,192.9674,191.9224,175.9339,162.9378,151.96190000000001,137.7913,120.3724,76.6657,75.873,92.004,96.3903
Virgin Islands (U.S.),VIR,2e-4,2e-4,2e-4,2e-4,2e-4,2e-4,2e-4,2e-4,2e-4,2e-4,2e-4,2e-4,2e-4,2e-4
West Bank and Gaza,PSE,,,,,,,,,,,,,,
"Yemen, Rep.",YEM,26.3447,23.001,22.0028,28.7881,28.3558,14.2523,10.6296,9.826,11.9933,12.3423,11.3173,11.2191,10.9841,10.6254
Zambia,ZMB,3.2126,3.4572,4.3193,4.7358,5.5061,5.848,6.3266,8.0384,9.1031,9.034,9.531,9.6802,10.5712,11.3586
Zimbabwe,ZWE,10.0686,15.8494,12.7437,12.7188,12.6001,12.6919,11.2687,10.5878,12.2724,11.1706,9.0746,10.8831,11.5572,12.566
